name,handedness,height,weight,avg,HR,Count,heightGroup
Tom Brown,R,73,170,0,0,1,72-73
Denny Lemaster,R,73,182,0.13,4,1,72-73
Joe Nolan,L,71,175,0.263,27,1,70-71
Denny Doyle,L,69,175,0.25,16,1,68-69
Jose Cardenal,R,70,150,0.275,138,1,70-71
Mike Ryan,R,74,205,0.193,28,1,74-75
Fritz Peterson,B,72,185,0.159,2,1,72-73
Dick Bertell,R,72,200,0.25,10,1,72-73
Rod Kanehl,R,73,180,0.241,6,1,72-73
Ozzie Osborn,R,74,195,0,0,1,74-75
John LaRose,L,73,185,0,0,1,72-73
Jeff Byrd,R,75,195,0,0,1,74-75
Juan Bonilla,R,69,170,0.256,7,1,68-69
Frank Tepedino,L,71,185,0.241,6,1,70-71
Jerry Kutzler,L,73,175,0,0,1,72-73
Rick Wise,R,73,180,0.195,15,1,72-73
Darrell Evans,L,74,200,0.248,414,1,74-75
Buck Martinez,R,70,190,0.225,58,1,70-71
John Wockenfuss,R,72,190,0.262,86,1,72-73
Tommy McCraw,L,72,183,0.246,75,1,72-73
Jeff Barkley,B,75,185,0,0,1,74-75
Eric Wilkins,R,73,190,0,0,1,72-73
Britt Burns,L,77,215,0,0,1,76-77
Lee Lacy,R,73,175,0.286,91,1,72-73
Pete Rose,B,71,192,0.303,160,1,70-71
Danny Walton,R,72,195,0.223,28,1,72-73
Bobby Cox,R,71,180,0.225,9,1,70-71
Brad Wellman,R,72,170,0.231,6,1,72-73
Jeff Newman,R,74,215,0.224,63,1,74-75
Pedro Gonzalez,R,72,176,0.244,8,1,72-73
Nardi Contreras,B,74,193,0,0,1,74-75
Tommie Reynolds,R,74,190,0.226,12,1,74-75
Gene Clines,R,69,170,0.277,5,1,68-69
Jim Hickman,R,75,192,0.252,159,1,74-75
Jack Billingham,R,76,195,0.111,0,1,76-77
Jerry Buchek,R,71,185,0.22,22,1,70-71
Ivan DeJesus,R,71,175,0.254,21,1,70-71
Gary Nolan,R,74,197,0.138,1,1,74-75
Gil Patterson,R,73,185,0,0,1,72-73
Fred Whitfield,L,73,190,0.253,108,1,72-73
Larry Dierker,R,76,215,0.136,4,1,76-77
Dave Skaggs,R,74,200,0.241,3,1,74-75
Dick Ruthven,R,75,190,0.183,1,1,74-75
Jerry Garvin,L,75,195,0,0,1,74-75
Steve Eddy,R,74,185,0,0,1,74-75
Dave Kingman,R,78,210,0.236,442,1,78-79
Eric Soderholm,R,71,187,0.264,102,1,70-71
Kevin Mmahat,L,77,220,0,0,1,76-77
Ed Brinkman,R,72,170,0.224,60,1,72-73
Wayne Garrett,L,71,175,0.239,61,1,70-71
Tony Muser,L,74,180,0.259,7,1,74-75
Jim Siwy,R,76,200,0,0,1,76-77
Bud Anderson,R,75,210,0,0,1,74-75
Ted Ford,R,70,180,0.219,17,1,70-71
Kevin Stanfield,L,72,190,0,0,1,72-73
Jim Lyttle,L,72,180,0.248,9,1,72-73
John Butcher,R,76,185,0,0,1,76-77
Jerry Ujdur,R,73,195,0,0,1,72-73
Scot Thompson,L,75,195,0.262,5,1,74-75
Gene Locklear,L,70,165,0.274,9,1,70-71
Bo Diaz,R,71,185,0.255,87,1,70-71
Bump Wills,B,69,172,0.266,36,1,68-69
Brian Denman,R,76,205,0,0,1,76-77
Pat Putnam,L,72,205,0.255,63,1,72-73
Kurt Bevacqua,R,72,180,0.236,27,1,72-73
Bob Fallon,L,75,200,0,0,1,74-75
Syd O'Brien,R,73,185,0.23,24,1,72-73
Chris Chambliss,L,73,195,0.279,185,1,72-73
Tom Satriano,L,73,185,0.225,21,1,72-73
Jeffrey Leonard,R,74,200,0.266,144,1,74-75
Dal Maxvill,R,71,157,0.217,6,1,70-71
Steve Curry,R,78,217,0,0,1,78-79
Cesar Tovar,R,69,155,0.278,46,1,68-69
Mickey Lolich,B,73,170,0.11,0,1,72-73
Ray Chadwick,B,74,180,0,0,1,74-75
Jack Heidemann,R,72,175,0.211,9,1,72-73
Rich Rollins,R,70,185,0.269,77,1,70-71
Walt Bond,L,79,228,0.256,41,1,78-79
Merv Rettenmund,R,70,190,0.271,66,1,70-71
Bryan Clutterbuck,R,76,223,0,0,1,76-77
Byron Browne,R,74,190,0.236,30,1,74-75
Hector Torres,R,72,175,0.216,18,1,72-73
Walt Williams,R,66,165,0.27,33,1,66-67
Jerry Koosman,R,74,205,0.119,2,1,74-75
Steve Lombardozzi,R,72,175,0.233,20,1,72-73
Joe Azcue,R,72,190,0.252,50,1,72-73
Elliott Maddox,R,71,180,0.261,18,1,70-71
Omar Moreno,L,74,180,0.252,37,1,74-75
Julian Javier,R,73,175,0.257,78,1,72-73
Tony Ferreira,L,73,160,0,0,1,72-73
Elio Chacon,R,69,160,0.232,4,1,68-69
Rusty Torres,B,70,175,0.212,35,1,70-71
John Stearns,R,72,185,0.26,46,1,72-73
Larry Brown,R,70,160,0.233,47,1,70-71
Tommy Dean,R,72,165,0.18,4,1,72-73
Bryan Oelkers,L,75,192,0,0,1,74-75
Kevin Bearse,L,74,195,0,0,1,74-75
Marty Martinez,B,72,170,0.243,0,1,72-73
Bruce Boisclair,L,74,185,0.263,10,1,74-75
Ken Singleton,B,76,210,0.282,246,1,76-77
Frank White,R,71,165,0.255,160,1,70-71
Jim Fairey,L,70,190,0.235,7,1,70-71
Jose Roman,R,72,175,0,0,1,72-73
Tom Brookens,R,70,165,0.246,71,1,70-71
Gary Thomasson,L,73,180,0.249,61,1,72-73
Mike Trujillo,R,73,180,0,0,1,72-73
Albert Williams,R,76,190,0,0,1,76-77
Oswaldo Peraza,R,76,172,0,0,1,76-77
Otto Velez,R,72,170,0.251,78,1,72-73
Tony Scott,B,72,164,0.249,17,1,72-73
Ray Oyler,R,71,165,0.175,15,1,70-71
Barry Cort,R,77,210,0,0,1,76-77
Floyd Robinson,L,69,175,0.283,67,1,68-69
Steve Jeltz,B,71,180,0.21,5,1,70-71
Lou Brock,L,71,170,0.293,149,1,70-71
Bill Wilkinson,R,70,160,0,0,1,70-71
Joe Lovitto,B,72,185,0.216,4,1,72-73
Mike Loynd,R,76,210,0,0,1,76-77
Wayne Comer,R,70,175,0.229,16,1,70-71
Dave Collins,B,71,175,0.272,32,1,70-71
Ed Spiezio,R,71,180,0.238,39,1,70-71
Rico Petrocelli,R,72,175,0.251,210,1,72-73
Johnny Lewis,L,73,189,0.227,22,1,72-73
Dick Simpson,R,76,176,0.207,15,1,76-77
Ken Boswell,L,72,170,0.248,31,1,72-73
Ken McMullen,R,75,190,0.248,156,1,74-75
Randy Scarbery,B,73,185,0,0,1,72-73
Steve Swisher,R,74,205,0.216,20,1,74-75
Ben Callahan,R,79,230,0,0,1,78-79
Dick Howser,R,68,155,0.248,16,1,68-69
Manny Castillo,B,69,160,0.242,3,1,68-69
Mike Ramsey,B,73,170,0.24,2,1,72-73
Willie Crawford,L,73,197,0.268,86,1,72-73
Bobby Cuellar,R,71,188,0,0,1,70-71
Willie Norwood,R,72,185,0.242,18,1,72-73
Mike Jones,L,78,215,0,0,1,78-79
Jeff Stone,L,72,175,0.277,11,1,72-73
Ramon Manon,R,72,150,0,0,1,72-73
Joe Lahoud,L,73,198,0.223,65,1,72-73
Tim Flannery,L,71,175,0.255,9,1,70-71
Dave McKay,B,73,195,0.229,21,1,72-73
John Trautwein,R,75,205,0,0,1,74-75
Andy Replogle,R,77,205,0,0,1,76-77
Zach Crouch,L,75,180,0,0,1,74-75
Benny Ayala,R,73,185,0.251,38,1,72-73
Ron Romanick,R,76,195,0,0,1,76-77
Greg Gross,L,70,160,0.287,7,1,70-71
Bruce Tanner,L,75,220,0,0,1,74-75
Sal Butera,R,72,190,0.227,8,1,72-73
Jack Brohamer,L,70,165,0.245,30,1,70-71
Von Joshua,L,70,170,0.273,30,1,70-71
Eddie Milner,L,71,173,0.253,42,1,70-71
Johnny Jeter,R,73,180,0.244,18,1,72-73
Angel Salazar,R,72,180,0.212,2,1,72-73
Tony Oliva,L,73,175,0.304,220,1,72-73
Cito Gaston,R,75,190,0.256,91,1,74-75
Cookie Rojas,R,70,160,0.263,54,1,70-71
Rich Morales,R,71,170,0.195,6,1,70-71
Dave Ford,R,76,190,0,0,1,76-77
Dan Ford,R,73,185,0.27,121,1,72-73
Barry Raziano,B,70,175,0,0,1,70-71
Darryl Motley,R,69,196,0.243,44,1,68-69
Ozzie Virgil,R,73,180,0.243,98,1,72-73
Johnny Oates,L,71,188,0.25,14,1,70-71
Pat Underwood,L,72,175,0,0,1,72-73
Mike Phillips,L,72,170,0.24,11,1,72-73
Ron Santo,R,72,190,0.277,342,1,72-73
Jay Johnstone,L,73,175,0.267,102,1,72-73
Jim Ray Hart,R,71,185,0.278,170,1,70-71
Marc Hill,R,75,205,0.223,34,1,74-75
Joel McKeon,L,72,185,0,0,1,72-73
Danny Fife,R,75,175,0,0,1,74-75
Chico Salmon,R,70,160,0.249,31,1,70-71
Joe Niekro,R,73,185,0.156,1,1,72-73
Andy Etchebarren,R,73,190,0.235,49,1,72-73
Ken Berry,R,72,175,0.255,58,1,72-73
Dave Concepcion,R,74,155,0.267,101,1,74-75
Junior Moore,R,71,185,0.264,7,1,70-71
Mike Richardt,R,72,170,0.226,4,1,72-73
Chris Brown,R,72,185,0.269,38,1,72-73
Al Bumbry,L,68,170,0.281,54,1,68-69
Al Downing,R,71,175,0.127,2,1,70-71
Bob Didier,B,72,190,0.229,0,1,72-73
Jake Gibbs,L,72,180,0.233,25,1,72-73
Garry Hancock,L,72,175,0.247,12,1,72-73
Ed Kranepool,L,75,205,0.261,118,1,74-75
Rick Rhoden,R,75,195,0.238,9,1,74-75
Denny McLain,R,73,185,0.133,1,1,72-73
Chuck Hiller,L,71,170,0.243,20,1,70-71
Jorge Orta,L,70,170,0.278,130,1,70-71
Dave Cash,R,71,170,0.283,21,1,70-71
Bucky Dent,R,69,170,0.247,40,1,68-69
Andy Beene,R,75,205,0,0,1,74-75
Bruce Robbins,L,73,190,0,0,1,72-73
Tony Gonzalez,L,69,170,0.286,103,1,68-69
Leon Hooten,R,71,180,0,0,1,70-71
Larry Haney,R,74,195,0.215,12,1,74-75
Billy Conigliaro,R,72,180,0.256,40,1,72-73
Gary Roenicke,R,75,205,0.247,121,1,74-75
Don Lock,R,74,195,0.238,122,1,74-75
Billy Cowan,R,72,170,0.236,40,1,72-73
Billy Smith,B,74,185,0.23,17,1,74-75
Allan Ramirez,R,70,180,0,0,1,70-71
Tony Perez,R,74,175,0.279,379,1,74-75
Chuck Schilling,R,70,160,0.239,23,1,70-71
Hal McRae,R,71,180,0.29,191,1,70-71
Dave Roberts,R,75,215,0.239,49,1,74-75
Brian Allard,R,73,175,0,0,1,72-73
Jim Lefebvre,B,72,180,0.251,74,1,72-73
Fernando Arroyo,R,74,180,0,0,1,74-75
Gary Beare,R,76,205,0,0,1,76-77
Charlie Spikes,R,75,215,0.246,65,1,74-75
Brian Dubois,L,70,165,0,0,1,70-71
Steve Whitaker,L,72,180,0.23,24,1,72-73
Manny Jimenez,L,73,185,0.272,26,1,72-73
Chris Batton,R,76,195,0,0,1,76-77
Duffy Dyer,R,72,187,0.221,30,1,72-73
Ken Henderson,B,74,180,0.257,122,1,74-75
Vance Lovelace,L,77,205,0,0,1,76-77
Greg Thayer,R,71,182,0,0,1,70-71
Vern Fuller,R,73,170,0.232,14,1,72-73
Paul Hartzell,R,77,200,0,0,1,76-77
Wayne Gross,L,74,210,0.233,121,1,74-75
Mike Champion,R,72,185,0.229,2,1,72-73
Ralph Botting,L,72,195,0,0,1,72-73
Paul Casanova,R,76,180,0.225,50,1,76-77
Steve Rogers,R,74,175,0.138,0,1,74-75
Keith Creel,R,74,180,0,0,1,74-75
Terry Crowley,L,72,180,0.25,42,1,72-73
Horace Clarke,B,69,170,0.256,27,1,68-69
Lou Clinton,R,73,185,0.247,65,1,72-73
Larry Cox,R,70,178,0.221,12,1,70-71
Nate Colbert,R,74,190,0.243,173,1,74-75
Phil Roof,R,74,190,0.215,43,1,74-75
Chuck Hinton,R,73,180,0.264,113,1,72-73
Tim Cullen,R,73,185,0.22,9,1,72-73
Tim Harkness,L,74,182,0.235,14,1,74-75
Rick Bosetti,R,71,185,0.25,17,1,70-71
Ron Pruitt,R,72,185,0.269,12,1,72-73
George Foster,R,73,180,0.274,348,1,72-73
Jerry White,B,70,164,0.253,21,1,70-71
Angel Mangual,R,70,178,0.245,22,1,70-71
Ken Gerhart,R,72,190,0.221,24,1,72-73
Mike Hershberger,R,70,175,0.252,26,1,70-71
Jim French,L,68,180,0.196,5,1,68-69
Dave Roberts,L,75,195,0.194,7,1,74-75
Jim Mason,L,74,185,0.203,12,1,74-75
Mike Smith,R,75,180,0,0,1,74-75
Willie Smith,L,72,182,0.248,46,1,72-73
T.R. Bryden,R,76,190,0,0,1,76-77
Jose Arcia,R,75,170,0.215,1,1,74-75
Leon Durham,L,73,185,0.277,147,1,72-73
Tom Makowski,R,71,185,0,0,1,70-71
Paul Householder,B,72,180,0.236,29,1,72-73
Aurelio Rodriguez,R,70,180,0.237,124,1,70-71
Jimmy Stewart,B,72,165,0.237,8,1,72-73
Dick Phillips,L,72,180,0.229,12,1,72-73
Andres Thomas,R,73,170,0.234,42,1,72-73
Ed Crosby,L,74,175,0.22,0,1,74-75
Mike de la Hoz,R,71,175,0.251,25,1,70-71
Frank Taveras,R,72,155,0.255,2,1,72-73
Joe Nossek,R,72,178,0.228,3,1,72-73
Larry Stahl,L,72,175,0.232,36,1,72-73
Jose Cruz,L,72,170,0.284,165,1,72-73
Don Mason,L,71,160,0.205,3,1,70-71
Bill Robinson,R,74,189,0.258,166,1,74-75
Jim Umbarger,L,78,200,0,0,1,78-79
Sal Bando,R,72,195,0.254,242,1,72-73
George Mitterwald,R,74,195,0.236,76,1,74-75
Mike Darr,R,76,190,0,0,1,76-77
Craig Robinson,R,70,165,0.219,0,1,70-71
Bob Tillman,R,76,205,0.232,79,1,76-77
Curt Wardle,L,77,220,0,0,1,76-77
Pat Corrales,R,72,180,0.216,4,1,72-73
Mike Tyson,R,69,170,0.241,27,1,68-69
Rafael Landestoy,B,70,165,0.237,4,1,70-71
Duane Josephson,R,72,190,0.258,23,1,72-73
Duane Walker,L,72,185,0.229,24,1,72-73
Glenn Hubbard,R,69,150,0.244,70,1,68-69
Roger Freed,R,72,190,0.245,22,1,72-73
George Hendrick,R,75,195,0.278,267,1,74-75
Rod Carew,L,72,170,0.328,92,1,72-73
Bob Davis,R,72,180,0.197,6,1,72-73
Toby Harrah,R,72,175,0.264,195,1,72-73
Rick Manning,L,73,180,0.257,56,1,72-73
Israel Sanchez,L,69,170,0,0,1,68-69
Steve Burke,B,74,200,0,0,1,74-75
Gary Matthews,R,74,185,0.281,234,1,74-75
Cesar Geronimo,L,72,165,0.258,51,1,72-73
Billy Bryan,L,76,200,0.216,41,1,76-77
Terry Taylor,R,73,180,0,0,1,72-73
Terry Whitfield,L,73,197,0.281,33,1,72-73
Mario Mendoza,R,71,170,0.215,4,1,70-71
Fred Lynn,L,73,185,0.283,306,1,72-73
Larry Hisle,R,74,193,0.273,166,1,74-75
Graig Nettles,L,72,180,0.248,390,1,72-73
Randy Nosek,R,76,215,0,0,1,76-77
Dave Engle,R,75,210,0.262,31,1,74-75
Narciso Elvira,L,70,160,0,0,1,70-71
Mike Easler,L,72,190,0.293,118,1,72-73
Mark Smith,R,74,215,0,0,1,74-75
Paul Mitchell,R,73,195,0,0,1,72-73
Rick Sweet,B,73,200,0.234,6,1,72-73
Thurman Munson,R,71,190,0.292,113,1,70-71
Rick Monday,L,75,193,0.264,241,1,74-75
Mike Sadek,R,69,165,0.226,5,1,68-69
Mark Belanger,R,73,170,0.228,20,1,72-73
Ron Hunt,R,72,186,0.273,39,1,72-73
Joe Keough,L,72,185,0.246,9,1,72-73
Butch Edge,R,75,203,0,0,1,74-75
Vic Correll,R,70,185,0.229,29,1,70-71
Jackie Hernandez,R,71,165,0.208,12,1,70-71
Tony Solaita,L,72,210,0.255,50,1,72-73
U L Washington,B,71,175,0.251,27,1,70-71
Gary Mielke,R,75,185,0,0,1,74-75
Rick Henninger,R,78,225,0,0,1,78-79
Joe Foy,R,72,215,0.248,58,1,72-73
Ed Goodson,L,75,180,0.26,30,1,74-75
Mark Brown,B,74,190,0,0,1,74-75
Mickey Klutts,R,71,170,0.241,14,1,70-71
Leroy Stanton,R,73,195,0.244,77,1,72-73
Rafael Vasquez,R,72,160,0,0,1,72-73
Len Whitehouse,L,71,175,0,0,1,70-71
Danny Ainge,R,76,175,0.22,2,1,76-77
Adolfo Phillips,R,73,175,0.247,59,1,72-73
Marv Breeding,R,72,175,0.25,7,1,72-73
Steve Adkins,R,78,210,0,0,1,78-79
Dick McAuliffe,L,71,176,0.247,197,1,70-71
Joe Horlen,R,72,170,0.134,0,1,72-73
Glenn Burke,R,72,195,0.237,2,1,72-73
Tony Mack,R,70,177,0,0,1,70-71
Terry Humphrey,R,75,185,0.211,6,1,74-75
Bill Moran,R,76,210,0,0,1,76-77
Enzo Hernandez,R,68,155,0.224,2,1,68-69
Cesar Gutierrez,R,69,155,0.235,0,1,68-69
Coco Laboy,R,70,165,0.233,28,1,70-71
Ted Kubiak,B,72,175,0.231,13,1,72-73
Jim Morrison,R,71,175,0.26,112,1,70-71
Tom Gilles,R,73,185,0,0,1,72-73
Bobby Knoop,R,73,170,0.236,56,1,72-73
Bobby Brown,B,74,190,0.245,26,1,74-75
Tom Hutton,L,71,180,0.248,22,1,70-71
Ron Hodges,L,73,185,0.24,19,1,72-73
Rich Chiles,L,71,170,0.254,6,1,70-71
Tom Paciorek,R,76,215,0.282,86,1,76-77
Gary Woods,R,74,185,0.243,13,1,74-75
Bob Montgomery,R,73,195,0.258,23,1,72-73
Jeff Burroughs,R,73,200,0.261,240,1,72-73
Rusty Staub,L,74,190,0.279,292,1,74-75
Jim Norris,L,70,175,0.264,7,1,70-71
Oscar Gamble,L,71,160,0.265,200,1,70-71
Bob Kammeyer,R,76,210,0,0,1,76-77
George Vukovich,L,72,198,0.268,27,1,72-73
Joe Pactwa,L,71,185,0,0,1,70-71
Craig Reynolds,L,73,175,0.256,42,1,72-73
Paul Blair,R,72,168,0.25,134,1,72-73
Al Cowens,R,73,197,0.27,108,1,72-73
Al Oliver,L,72,195,0.303,219,1,72-73
Dave Hilton,R,71,191,0.213,6,1,70-71
Luis Alvarado,R,69,162,0.214,5,1,68-69
Larry Parrish,R,75,190,0.263,256,1,74-75
Woodie Fryman,R,75,197,0.138,2,1,74-75
Bob Randall,R,74,175,0.257,1,1,74-75
Jim Pankovits,R,70,170,0.25,9,1,70-71
Sherman Corbett,L,76,205,0,0,1,76-77
Carmen Fanzone,R,72,200,0.224,20,1,72-73
Gary Allenson,R,71,185,0.221,19,1,70-71
Milt May,L,72,190,0.263,77,1,72-73
Mike Vail,R,73,180,0.279,34,1,72-73
Nick Esasky,R,75,200,0.25,122,1,74-75
Jim Nettles,L,72,186,0.22,16,1,72-73
Lafayette Currence,B,71,175,0,0,1,70-71
Chris Cannizzaro,R,72,190,0.235,18,1,72-73
Larry Biittner,L,74,205,0.273,29,1,74-75
John Pawlowski,R,74,175,0,0,1,74-75
Mel Stottlemyre,R,73,178,0.16,7,1,72-73
Jack Hardy,R,74,175,0,0,1,74-75
Ron Musselman,R,74,185,0,0,1,74-75
Roy Smalley,B,73,185,0.257,163,1,72-73
Tony Chevez,R,71,177,0,0,1,70-71
Andy Messersmith,R,73,200,0.17,5,1,72-73
Richie Zisk,R,73,200,0.287,207,1,72-73
Dave Chalk,R,70,175,0.252,15,1,70-71
Don Baylor,R,73,190,0.26,338,1,72-73
John Vukovich,R,73,187,0.161,6,1,72-73
Danny Thompson,R,72,183,0.248,15,1,72-73
Joe Simpson,L,75,175,0.242,9,1,74-75
Bill Fahey,L,72,200,0.241,7,1,72-73
Doug Camilli,R,71,195,0.199,18,1,70-71
Bernie Allen,L,72,175,0.239,73,1,72-73
Bruce Bochy,R,75,205,0.239,26,1,74-75
Gary Ignasiak,R,71,185,0,0,1,70-71
Claudell Washington,L,72,190,0.278,164,1,72-73
John Donaldson,L,71,160,0.238,4,1,70-71
Mike Smithson,L,80,215,0,0,1,80-81
John Mayberry,L,75,215,0.253,255,1,74-75
Ken Reitz,R,72,180,0.26,68,1,72-73
Amos Otis,R,71,165,0.277,193,1,70-71
Gene Alley,R,70,160,0.254,55,1,70-71
Ted Sizemore,R,70,165,0.262,23,1,70-71
Dan Briggs,L,72,180,0.195,12,1,72-73
Joe Skalski,R,75,190,0,0,1,74-75
Doug Flynn,R,71,165,0.238,7,1,70-71
Bert Bradley,B,73,190,0,0,1,72-73
Ken Holtzman,R,74,175,0.163,2,1,74-75
Pete Ward,L,73,185,0.254,98,1,72-73
Kevin Bell,R,72,195,0.222,13,1,72-73
Tom Nieto,R,73,193,0.205,5,1,72-73
Duke Sims,L,74,197,0.239,100,1,74-75
Larvell Blanks,R,68,167,0.253,20,1,68-69
Francisco Barrios,R,71,155,0,0,1,70-71
Mike Davis,L,74,175,0.259,91,1,74-75
Jerry Reuss,L,77,200,0.167,1,1,76-77
Steve Yeager,R,72,190,0.228,102,1,72-73
Danny Goodwin,L,73,195,0.236,13,1,72-73
Bud Harrelson,B,71,160,0.236,7,1,70-71
Bob Knepper,L,75,195,0.137,6,1,74-75
Mickey Rivers,L,70,165,0.295,61,1,70-71
Jim Northrup,L,75,190,0.267,153,1,74-75
John Hale,L,74,195,0.201,14,1,74-75
Reggie Ritter,L,74,195,0,0,1,74-75
Pedro Garcia,R,70,175,0.22,37,1,70-71
Carl Yastrzemski,L,71,175,0.285,452,1,70-71
Bob Babcock,R,77,210,0,0,1,76-77
Craig Eaton,R,71,175,0,0,1,70-71
Derrel Thomas,B,72,160,0.249,43,1,72-73
Art Howe,R,74,190,0.26,43,1,74-75
Ike Brown,R,72,190,0.256,20,1,72-73
Howie Goss,R,76,204,0.216,11,1,76-77
Glenn Borgmann,R,76,210,0.229,16,1,76-77
Lamar Johnson,R,74,215,0.287,64,1,74-75
Julio Gonzalez,R,71,162,0.235,4,1,70-71
Bobby Klaus,R,70,170,0.208,6,1,70-71
Manny Sanguillen,R,72,193,0.296,65,1,72-73
Gates Brown,L,71,220,0.257,84,1,70-71
Johnny Ray,B,71,170,0.29,53,1,70-71
Jesus Alou,R,74,190,0.28,32,1,74-75
Ken Landreaux,L,70,165,0.268,91,1,70-71
Enos Cabell,R,76,170,0.277,60,1,76-77
Roy Branch,R,72,175,0,0,1,72-73
Billy North,B,71,185,0.261,20,1,70-71
Juan Beniquez,R,71,150,0.274,79,1,70-71
Frank Fernandez,R,72,185,0.199,39,1,72-73
Bombo Rivera,R,70,187,0.265,10,1,70-71
Steve Brye,R,72,190,0.258,30,1,72-73
Ron Jackson,R,72,200,0.259,56,1,72-73
Roger Metzger,B,72,165,0.231,5,1,72-73
Rufino Linares,R,72,170,0.27,11,1,72-73
Ray Webster,L,72,185,0.244,17,1,72-73
Bob Kearney,R,72,190,0.233,27,1,72-73
Fergie Jenkins,R,77,205,0.165,13,1,76-77
Dick Dietz,R,73,195,0.261,66,1,72-73
Ted Cox,R,75,195,0.245,10,1,74-75
Bobby Mitchell,L,70,170,0.243,3,1,70-71
Bobby Mitchell,R,75,185,0.235,21,1,74-75
Barry Evans,R,73,180,0.251,2,1,72-73
Mickey Brantley,R,70,180,0.259,32,1,70-71
Al Gallagher,R,72,180,0.263,11,1,72-73
Rob Woodward,R,75,185,0,0,1,74-75
Hector Cruz,R,71,170,0.225,39,1,70-71
Fred Norman,B,68,155,0.125,0,1,68-69
Woody Woodward,R,74,180,0.236,1,1,74-75
Ted Martinez,R,72,165,0.24,7,1,72-73
Jim Anderson,R,72,170,0.218,13,1,72-73
Lenn Sakata,R,69,160,0.23,25,1,68-69
Dave Duncan,R,74,190,0.214,109,1,74-75
Randy Jones,R,72,178,0.132,0,1,72-73
Dick Billings,R,73,195,0.227,16,1,72-73
Bob Veselic,R,72,175,0,0,1,72-73
Bruce Bochte,L,75,195,0.282,100,1,74-75
Bernie Carbo,L,71,173,0.264,96,1,70-71
Vic Davalillo,L,67,150,0.279,36,1,66-67
Burt Hooton,R,73,210,0.123,4,1,72-73
Chuck Hockenbery,B,73,195,0,0,1,72-73
Bob Ferris,R,78,225,0,0,1,78-79
Fernando Gonzalez,R,70,165,0.235,17,1,70-71
Jim Sundberg,R,72,190,0.248,95,1,72-73
Andy Kosco,R,75,205,0.236,73,1,74-75
Steve Huntz,B,73,204,0.206,16,1,72-73
Gary Wheelock,R,75,205,0,0,1,74-75
Lenny Faedo,R,72,170,0.251,5,1,72-73
John Lowenstein,L,72,175,0.253,116,1,72-73
Don Kessinger,B,73,170,0.252,14,1,72-73
Joe Hague,L,72,195,0.239,40,1,72-73
Bake McBride,L,74,190,0.299,63,1,74-75
Dick Davis,R,75,190,0.265,27,1,74-75
Richie Scheinblum,B,73,180,0.263,13,1,72-73
Ed Herrmann,L,73,195,0.24,80,1,72-73
Mike Rochford,L,76,205,0,0,1,76-77
Jeff Schneider,B,75,195,0,0,1,74-75
Bob Molinaro,L,72,190,0.264,14,1,72-73
Mike Hegan,L,73,188,0.242,53,1,72-73
Mike Diaz,R,74,195,0.247,31,1,74-75
Tim Foli,R,72,179,0.251,25,1,72-73
Alan Knicely,R,72,190,0.213,12,1,72-73
Tim Laudner,R,75,212,0.225,77,1,74-75
Jose Morales,R,71,187,0.287,26,1,70-71
Luis Encarnacion,R,70,178,0,0,1,70-71
Rick Kreuger,R,74,185,0,0,1,74-75
Juan Marichal,R,72,185,0.165,4,1,72-73
Vida Blue,B,72,189,0.104,4,1,72-73
Angel Moreno,L,69,165,0,0,1,68-69
Roger Weaver,R,75,190,0,0,1,74-75
Stan Papi,R,72,170,0.218,7,1,72-73
Rob Wilfong,L,73,180,0.248,39,1,72-73
Chris Knapp,R,77,195,0,0,1,76-77
Steve Henderson,R,74,190,0.28,68,1,74-75
Rob Picciolo,R,74,185,0.234,17,1,74-75
Don Welchel,R,76,205,0,0,1,76-77
Randy Wiles,L,73,185,0,0,1,72-73
Roberto Pena,R,68,170,0.245,13,1,68-69
Bob Dernier,R,72,160,0.255,23,1,72-73
Bill Melton,R,74,200,0.253,160,1,74-75
Albert Hall,B,71,155,0.251,5,1,70-71
Barbaro Garbey,R,70,170,0.267,11,1,70-71
John Milner,L,72,185,0.249,131,1,72-73
Rich Reese,L,75,185,0.253,52,1,74-75
Chris Bando,B,72,195,0.227,27,1,72-73
Bill Buckner,L,72,185,0.289,174,1,72-73
Jack Hiatt,R,74,190,0.251,22,1,74-75
Nelson Mathews,R,76,195,0.223,22,1,76-77
Larry Lintz,B,69,150,0.227,0,1,68-69
Ron Theobald,R,68,165,0.248,2,1,68-69
Dewey Robinson,R,72,180,0,0,1,72-73
Rafael Santana,R,73,165,0.246,13,1,72-73
Jerry Hairston,B,70,170,0.258,30,1,70-71
Tony Arnold,R,71,170,0,0,1,70-71
Jeff Schattinger,L,77,200,0,0,1,76-77
Ike Brookens,R,77,170,0,0,1,76-77
Tommie Aaron,R,75,190,0.229,13,1,74-75
Steve Dillard,R,73,180,0.243,13,1,72-73
Win Remmerswaal,R,74,160,0,0,1,74-75
Jeff Peterek,R,74,195,0,0,1,74-75
George Scott,R,74,200,0.268,271,1,74-75
Jeff Shaver,R,75,195,0,0,1,74-75
Ken Walters,R,73,180,0.231,11,1,72-73
Gorman Thomas,R,74,210,0.225,268,1,74-75
Paul Dade,R,73,185,0.27,10,1,72-73
Darrell Porter,L,72,193,0.247,188,1,72-73
Tim Johnson,L,73,170,0.223,0,1,72-73
Fred Stanley,R,70,165,0.216,10,1,70-71
Larry Bowa,B,70,155,0.26,15,1,70-71
Tim Corcoran,L,71,175,0.27,12,1,70-71
Jim Spencer,L,74,195,0.25,146,1,74-75
Pete LaCock,L,74,200,0.257,27,1,74-75
Carl Morton,R,72,200,0.156,7,1,72-73
Gary Gray,R,72,187,0.24,24,1,72-73
Matty Alou,L,69,160,0.307,31,1,68-69
Pete Filson,B,74,195,0,0,1,74-75
Jim Dwyer,L,70,165,0.26,77,1,70-71
Dalton Jones,L,73,180,0.235,41,1,72-73
Rennie Stennett,R,71,160,0.274,41,1,70-71
Jim Gideon,R,75,190,0,0,1,74-75
Jerry May,R,74,190,0.234,15,1,74-75
Rich McKinney,R,71,185,0.225,20,1,70-71
Clint Hurdle,L,75,195,0.259,32,1,74-75
Mike Andrews,R,75,195,0.258,66,1,74-75
Bobby Clark,R,72,190,0.239,19,1,72-73
Jeff Twitty,L,74,185,0,0,1,74-75
Cliff Johnson,R,76,215,0.258,196,1,76-77
Steve Cummings,B,74,200,0,0,1,74-75
Donn Clendenon,R,76,209,0.274,159,1,76-77
Charlie James,R,73,195,0.255,29,1,72-73
Bob Horner,R,73,195,0.277,218,1,72-73
Tom Veryzer,R,73,175,0.241,14,1,72-73
Jose Cecena,R,71,180,0,0,1,70-71
George Smith,R,70,170,0.205,9,1,70-71
Jim Essian,R,74,195,0.244,33,1,74-75
Onix Concepcion,R,66,160,0.239,3,1,66-67
Boots Day,L,69,160,0.256,8,1,68-69
Brian Giles,R,73,165,0.228,10,1,72-73
Garry Maddox,R,75,175,0.285,117,1,74-75
Alex Trevino,R,70,165,0.249,23,1,70-71
Jim Price,R,72,192,0.214,18,1,72-73
Felix Millan,R,71,172,0.279,22,1,70-71
Steve Garvey,R,70,192,0.294,272,1,70-71
Don Mincher,L,75,205,0.249,200,1,74-75
Greg Erardi,R,73,190,0,0,1,72-73
Jim Farr,R,73,195,0,0,1,72-73
Tony Cloninger,R,72,210,0.192,11,1,72-73
Jim Gosger,L,71,185,0.226,30,1,70-71
Chuck Harrison,R,70,185,0.238,17,1,70-71
Mike Ivie,R,75,205,0.269,81,1,74-75
Frank Dimichele,R,75,205,0,0,1,74-75
Bob Veale,B,78,212,0.114,0,1,78-79
Marvell Wynne,L,71,175,0.247,40,1,70-71
Dusty Baker,R,74,183,0.278,242,1,74-75
Tucker Ashford,R,73,195,0.218,6,1,72-73
Ned Yost,R,73,190,0.212,16,1,72-73
Bob Stinson,B,71,180,0.25,33,1,70-71
Mike Warren,R,73,175,0,0,1,72-73
Gaylord Perry,R,76,205,0.131,6,1,76-77
Dave Marshall,L,73,182,0.246,16,1,72-73
Mickey Hatcher,R,74,200,0.28,38,1,74-75
Roger Repoz,L,75,190,0.224,82,1,74-75
Bill Fulton,R,75,195,0,0,1,74-75
John Orsino,R,75,215,0.249,40,1,74-75
Larry Anderson,R,75,190,0,0,1,74-75
Johnny Briggs,L,73,190,0.253,139,1,72-73
Craig Mitchell,R,75,180,0,0,1,74-75
Dave Hostetler,R,76,215,0.229,37,1,76-77
Bob Jones,L,74,195,0.221,20,1,74-75
Keith Hernandez,L,72,180,0.296,162,1,72-73
Alfredo Martinez,R,75,185,0,0,1,74-75
Dean Chance,R,75,200,0.066,0,1,74-75
Willie Upshaw,L,72,185,0.262,123,1,72-73
Dick Green,R,70,180,0.24,80,1,70-71
Dane Iorg,L,72,180,0.276,14,1,72-73
Richie Hebner,L,73,195,0.276,203,1,72-73
Fran Healy,R,77,220,0.25,20,1,76-77
Doc Edwards,R,74,215,0.238,15,1,74-75
Sandy Alomar,B,69,140,0.245,13,1,68-69
Joe Strain,R,70,169,0.25,1,1,70-71
Gene Richards,L,72,175,0.29,26,1,72-73
Buddy Bell,R,73,180,0.279,201,1,72-73
Al Woods,L,75,190,0.271,35,1,74-75
Rudy Law,L,73,165,0.271,18,1,72-73
Joel Davis,L,77,205,0,0,1,76-77
Jody Davis,R,76,192,0.245,127,1,76-77
Mike Edwards,R,70,154,0.25,2,1,70-71
Bill Mooneyham,R,72,175,0,0,1,72-73
John Hobbs,R,75,190,0,0,1,74-75
Deron Johnson,R,74,200,0.244,245,1,74-75
John Denny,R,75,185,0.17,0,1,74-75
Don Wert,R,70,162,0.242,77,1,70-71
Mike Fiore,L,72,175,0.227,13,1,72-73
Miguel Dilone,B,72,160,0.265,6,1,72-73
Greg Luzinski,R,73,220,0.276,307,1,72-73
Bobby Tolan,L,71,170,0.265,86,1,70-71
Karl Best,R,76,190,0,0,1,76-77
Steve Barr,L,76,200,0,0,1,76-77
Ron Woods,R,70,168,0.233,26,1,70-71
Tony Horton,R,75,210,0.268,76,1,74-75
Randy Hundley,R,71,170,0.236,82,1,70-71
Jose Tartabull,L,71,165,0.261,2,1,70-71
Ben Oglivie,L,74,160,0.273,235,1,74-75
Luis Sanchez,R,74,170,0,0,1,74-75
Bob Johnson,R,70,175,0.272,44,1,70-71
Don Buford,B,67,160,0.264,93,1,66-67
Duane Kuiper,L,72,175,0.271,1,1,72-73
Brant Alyea,R,75,215,0.247,38,1,74-75
Jerry Narron,L,75,205,0.211,21,1,74-75
Lou Johnson,R,71,170,0.258,48,1,70-71
Ken Retzer,L,72,185,0.264,14,1,72-73
Mike Brown,R,74,195,0.265,23,1,74-75
Greg Walker,L,75,205,0.26,113,1,74-75
Terry Harper,R,76,195,0.253,36,1,76-77
Jerry Royster,R,72,165,0.249,40,1,72-73
Steve Davis,L,73,195,0,0,1,72-73
Jeff Rineer,L,76,205,0,0,1,76-77
Barry Bonnell,R,75,190,0.272,56,1,74-75
Tom Seaver,R,73,195,0.154,12,1,72-73
Jerry Martin,R,73,195,0.251,85,1,72-73
Bill Stein,R,70,170,0.267,44,1,70-71
Joel Youngblood,R,72,180,0.265,80,1,72-73
Reggie Jackson,L,72,195,0.262,563,1,72-73
Sonny Jackson,L,69,150,0.251,7,1,68-69
Mark Mercer,L,77,220,0,0,1,76-77
Rodney Scott,B,72,160,0.236,3,1,72-73
Rich Coggins,L,68,170,0.265,12,1,68-69
Phil Gagliano,R,73,180,0.238,14,1,72-73
Jerry McNertney,R,72,180,0.237,27,1,72-73
Mitchell Page,L,74,205,0.266,72,1,74-75
Kiko Garcia,R,71,180,0.239,12,1,70-71
Larry Milbourne,B,72,161,0.254,11,1,72-73
Bill Sudakis,B,73,190,0.234,59,1,72-73
John Caneira,R,75,180,0,0,1,74-75
Domingo Ramos,R,70,154,0.24,8,1,70-71
Ron Oester,B,74,185,0.265,42,1,74-75
Glenn Adams,L,73,180,0.28,34,1,72-73
Clint Zavaras,R,73,175,0,0,1,72-73
Joe Morgan,L,67,160,0.271,268,1,66-67
R.J. Reynolds,B,72,190,0.267,35,1,72-73
Mike Parrott,R,76,210,0,0,1,76-77
Lee Thomas,L,74,195,0.255,106,1,74-75
Ray Fosse,R,74,215,0.256,61,1,74-75
Paul Popovich,B,72,175,0.233,14,1,72-73
John Stephenson,L,71,180,0.216,12,1,70-71
Doug Clemens,L,72,180,0.229,12,1,72-73
Luis Aponte,R,72,185,0,0,1,72-73
Orlando Mercado,R,72,180,0.199,7,1,72-73
Charley Smith,R,73,170,0.239,69,1,72-73
Paul Boris,R,74,200,0,0,1,74-75
Buddy Biancalana,B,71,160,0.205,6,1,70-71
De Wayne Buice,R,72,170,0,0,1,72-73
Bob Uecker,R,73,190,0.2,14,1,72-73
Felix Torres,R,71,165,0.254,27,1,70-71
Steve Braun,L,70,180,0.271,52,1,70-71
Ray Knight,R,73,185,0.271,84,1,72-73
Ty Cline,L,72,170,0.238,6,1,72-73
Thad Bosley,L,75,175,0.272,20,1,74-75
Bobby Grich,R,74,180,0.266,224,1,74-75
Jimmie Hall,L,72,175,0.254,121,1,72-73
John Boccabella,R,73,195,0.219,26,1,72-73
Brock Davis,L,70,160,0.26,1,1,70-71
Mark Esser,R,73,190,0,0,1,72-73
Curt Blefary,L,74,195,0.237,112,1,74-75
Daryl Smith,R,76,185,0,0,1,76-77
Dave Smith,R,73,190,0,0,1,72-73
Mack Jones,L,73,180,0.252,133,1,72-73
Buddy Bradford,R,71,170,0.226,52,1,70-71
Hosken Powell,L,73,175,0.259,17,1,72-73
Dave Stapleton,L,73,185,0,0,1,72-73
Dave Stapleton,R,73,178,0.271,41,1,72-73
Gary Ward,R,74,195,0.276,130,1,74-75
Jim Lonborg,R,77,200,0.136,3,1,76-77
Joe Lis,R,72,175,0.233,32,1,72-73
Dan Meyer,L,71,180,0.253,86,1,70-71
Jim Holt,L,72,180,0.265,19,1,72-73
Tom Klawitter,R,74,190,0,0,1,74-75
Larry Herndon,R,75,190,0.274,107,1,74-75
Gary Christenson,L,77,200,0,0,1,76-77
Jim Wright,R,77,205,0,0,1,76-77
Jim Wright,R,73,165,0,0,1,72-73
Wallace Johnson,B,72,173,0.255,5,1,72-73
Mike Kinnunen,L,73,185,0,0,1,72-73
Eddie Leon,R,72,170,0.236,24,1,72-73
Dave Rajsich,L,77,175,0,0,1,76-77
Jim Wohlford,R,71,175,0.26,21,1,70-71
J.R. Richard,R,80,222,0.168,10,1,80-81
Bill Voss,L,74,160,0.227,19,1,74-75
Keith Moreland,R,72,190,0.279,121,1,72-73
Ramon Pena,R,70,155,0,0,1,70-71
Alex Johnson,R,72,205,0.288,78,1,72-73
Wayne Krenchicki,L,73,180,0.266,15,1,72-73
Chico Escarrega,R,71,185,0,0,1,70-71
Dave Rosello,R,71,160,0.236,10,1,70-71
Cardell Camper,R,75,208,0,0,1,74-75
Paul Schaal,R,71,165,0.244,57,1,70-71
Tito Landrum,R,71,175,0.249,13,1,70-71
Dave Edwards,R,72,170,0.237,14,1,72-73
Mario Guerrero,R,70,155,0.257,7,1,70-71
Tom Tresh,B,73,180,0.245,153,1,72-73
Mike Overy,R,74,190,0,0,1,74-75
Ron Roenicke,B,72,180,0.238,17,1,72-73
Doug Griffin,R,72,160,0.245,7,1,72-73
Steve Blass,R,72,165,0.172,1,1,72-73
Johnnie LeMaster,R,74,165,0.222,22,1,74-75
Craig Chamberlain,R,73,190,0,0,1,72-73
Nate Oliver,R,70,160,0.226,2,1,70-71
Ray Sadecki,L,71,180,0.191,5,1,70-71
Ken Rudolph,R,73,180,0.213,6,1,72-73
Wayne Nordhagen,R,74,205,0.282,39,1,74-75
Biff Pocoroba,B,70,175,0.257,21,1,70-71
Len Matuszek,L,74,190,0.234,30,1,74-75
Frank Eufemia,R,71,185,0,0,1,70-71
Joe Lefebvre,L,70,170,0.258,31,1,70-71
Jim Maloney,L,74,190,0.201,7,1,74-75
Andre Robertson,R,70,155,0.251,5,1,70-71
Jerry Zimmerman,R,74,185,0.204,3,1,74-75
Jack Lazorko,R,71,200,0,0,1,70-71
Mike Paxton,R,71,190,0,0,1,70-71
Chet Lemon,R,72,190,0.273,215,1,72-73
Rickey Keeton,R,74,190,0,0,1,74-75
Phil Mankowski,L,72,180,0.264,8,1,72-73
Cleon Jones,R,72,185,0.281,93,1,72-73
Joaquin Andujar,B,72,170,0.127,5,1,72-73
Mike Lum,L,72,180,0.247,90,1,72-73
Johnny Grubb,L,75,175,0.278,99,1,74-75
Curt Motton,R,68,164,0.213,25,1,68-69
Johnny Bench,R,73,197,0.267,389,1,72-73
Dale Berra,R,72,180,0.236,49,1,72-73
Terry Felton,R,73,180,0,0,1,72-73
Bob Meacham,B,73,175,0.236,8,1,72-73
Mark Clear,R,76,200,0,0,1,76-77
Carl Warwick,R,70,170,0.248,31,1,70-71
Sam Bowens,R,73,188,0.223,45,1,72-73
George Wright,B,71,180,0.245,42,1,70-71
Luis Aguayo,R,69,173,0.236,37,1,68-69
Hal Lanier,R,74,180,0.228,8,1,74-75
Mike Pazik,L,74,195,0,0,1,74-75
Len Randle,B,70,169,0.257,27,1,70-71
Greg Pryor,R,72,180,0.25,14,1,72-73
Jim Traber,L,72,194,0.227,27,1,72-73
Dave Nelson,R,70,160,0.244,20,1,70-71
Lynn Jones,R,69,175,0.252,7,1,68-69
Bryan Little,B,70,160,0.245,3,1,70-71
Ken Suarez,R,69,175,0.227,5,1,68-69
Rick Peters,B,69,170,0.277,2,1,68-69
Ron Stone,L,74,185,0.241,6,1,74-75
Rich Barnes,R,76,186,0,0,1,76-77
Tommie Agee,R,71,195,0.255,130,1,70-71
Bob Bailey,R,73,180,0.257,189,1,72-73
Cap Peterson,R,74,195,0.23,19,1,74-75
Ted Uhlaender,L,74,190,0.263,36,1,74-75
Ted Simmons,B,71,193,0.285,248,1,70-71
Bobby Murcer,L,71,160,0.277,252,1,70-71
Dick Tracewski,R,71,160,0.213,8,1,70-71
Dave Frost,R,78,235,0,0,1,78-79
Mark Souza,L,72,180,0,0,1,72-73
Bill Nahorodny,R,74,200,0.241,25,1,74-75
Bill Madlock,R,71,180,0.305,163,1,70-71
Bob Boone,R,74,195,0.254,105,1,74-75
Rick Jones,L,77,190,0,0,1,76-77
Steve Kemp,L,72,195,0.278,130,1,72-73
Rick Burleson,R,70,165,0.273,50,1,70-71
Jim Dorsey,R,79,190,0,0,1,78-79
Mark Ciardi,R,72,180,0,0,1,72-73
Dennis Burtt,R,72,180,0,0,1,72-73
Carl Taylor,R,74,200,0.266,10,1,74-75
Terry Harmon,R,74,180,0.233,4,1,74-75
Mike Hargrove,L,72,195,0.29,80,1,72-73
Rich Yett,R,74,187,0,0,1,74-75
Steve Hovley,L,70,188,0.258,8,1,70-71
Don Leppert,R,74,220,0.229,15,1,74-75
Matt Williams,R,73,200,0,0,1,72-73
Jim Burton,R,75,195,0,0,1,74-75
Rick Anderson,R,74,210,0,0,1,74-75
Charlie Mitchell,R,75,170,0,0,1,74-75
Bill Paschall,R,72,175,0,0,1,72-73
John Bohnet,B,72,175,0,0,1,72-73
Byron McLaughlin,R,73,175,0,0,1,72-73
Lee May,R,75,195,0.267,354,1,74-75
Luis Quintana,L,74,175,0,0,1,74-75
Sam McDowell,L,77,190,0.154,2,1,76-77
Rick Renick,R,72,188,0.221,20,1,72-73
Jeff Torborg,R,72,195,0.214,8,1,72-73
Dave Campbell,R,73,180,0.213,20,1,72-73
Pat Kelly,L,73,185,0.264,76,1,72-73
Al Weis,B,72,160,0.219,7,1,72-73
Jerry Turner,L,69,180,0.257,45,1,68-69
Rick Auerbach,R,72,165,0.22,9,1,72-73
Keith Macwhorter,R,76,190,0,0,1,76-77
Don Wilson,R,74,195,0.146,1,1,74-75
Jaime Cocanower,R,76,200,0,0,1,76-77
Jeff Sellers,R,73,175,0,0,1,72-73
Sandy Valdespino,L,68,170,0.23,7,1,68-69
Steve Senteney,R,74,205,0,0,1,74-75
Howard Bailey,R,72,195,0,0,1,72-73
Jeff Bettendorf,R,75,180,0,0,1,74-75
Ken Phelps,L,73,209,0.239,123,1,72-73
Cesar Cedeno,R,74,175,0.285,199,1,74-75
Bob Davidson,R,72,185,0,0,1,72-73
Phil Linz,R,73,180,0.235,11,1,72-73
Manny Mota,R,70,160,0.304,31,1,70-71
Brian Snyder,L,75,185,0,0,1,74-75
Steve Renko,R,77,230,0.215,6,1,76-77
Rick Sofield,L,73,195,0.243,9,1,72-73
Carlos Velazquez,R,71,180,0,0,1,70-71
Roger Miller,R,75,200,0,0,1,74-75
Doug DeCinces,R,74,190,0.259,237,1,74-75
John Castino,R,71,175,0.278,41,1,70-71
Dave May,L,70,186,0.251,96,1,70-71
Ron Washington,R,71,155,0.261,20,1,70-71
Billy Grabarkewitz,R,70,165,0.236,28,1,70-71
Willie Aikens,L,75,220,0.271,110,1,74-75
Earl Williams,R,75,215,0.247,138,1,74-75
Willie Mueller,R,76,220,0,0,1,76-77
John Flinn,R,72,175,0,0,1,72-73
Don Hahn,R,73,180,0.236,7,1,72-73
Todd Cruz,R,72,175,0.22,34,1,72-73
Tom Egan,R,76,218,0.2,22,1,76-77
Bob Heise,R,72,175,0.247,1,1,72-73
Tommy Harper,R,69,165,0.257,146,1,68-69
Joe Wallis,B,71,180,0.244,16,1,70-71
Max Alvis,R,71,185,0.247,111,1,70-71
Rico Carty,R,75,200,0.299,204,1,74-75
Mike Cubbage,L,72,180,0.258,34,1,72-73
Les Straker,R,73,193,0,0,1,72-73
Merritt Ranew,L,71,170,0.247,8,1,70-71
Lyman Bostock,L,73,180,0.311,23,1,72-73
Damaso Garcia,R,73,165,0.283,36,1,72-73
Don Kainer,R,75,205,0,0,1,74-75
Don Gordon,R,73,175,0,0,1,72-73
Roy Howell,L,73,190,0.261,80,1,72-73
Boog Powell,L,76,230,0.266,339,1,76-77
Sandy Wihtol,R,73,195,0,0,1,72-73
Sonny Siebert,R,75,190,0.173,12,1,74-75
Jeff Richardson,R,75,185,0,0,1,74-75
Bobby Darwin,R,74,190,0.251,83,1,74-75
Dennis DeBarr,L,74,190,0,0,1,74-75
Dan Driessen,L,71,187,0.267,153,1,70-71
Bruce Miller,R,73,185,0.246,1,1,72-73
Bob Bailor,R,71,170,0.264,9,1,70-71
Tommy Helms,R,70,165,0.269,34,1,70-71
Tony Armas,R,71,182,0.252,251,1,70-71
Willie Horton,R,71,209,0.273,325,1,70-71
Lou Piniella,R,72,182,0.291,102,1,72-73
Butch Hobson,R,73,193,0.248,98,1,72-73
John Wathan,R,74,205,0.262,21,1,74-75
Hal King,L,73,200,0.214,24,1,72-73
Mike Krukow,R,77,205,0.193,5,1,76-77
Andres Mora,R,72,180,0.223,27,1,72-73
Barry Foote,R,75,205,0.23,57,1,74-75
Ed Ott,L,70,190,0.259,33,1,70-71
Alan Wiggins,B,74,160,0.259,5,1,74-75
Ron Clark,R,70,175,0.189,5,1,70-71
Jay Pettibone,R,76,182,0,0,1,76-77
Glen Cook,R,71,180,0,0,1,70-71
Julio Gotay,R,72,180,0.26,6,1,72-73
Gary Alexander,R,74,195,0.23,55,1,74-75
Andre Thornton,R,75,200,0.254,253,1,74-75
Bob Oliver,R,75,205,0.256,94,1,74-75
Bill Castro,R,71,170,0,0,1,70-71
Ed Hodge,L,74,192,0,0,1,74-75
Tom Buskey,R,75,200,0,0,1,74-75
Bruce Taylor,R,72,178,0,0,1,72-73
Stan Thomas,R,74,185,0,0,1,74-75
Bob Robertson,R,73,195,0.242,115,1,72-73
Larry Monroe,R,76,200,0,0,1,76-77
Roger Slagle,R,75,190,0,0,1,74-75
Ollie Brown,R,74,178,0.265,102,1,74-75
Jim Campbell,L,71,175,0,0,1,70-71
Frank Quilici,R,73,170,0.214,5,1,72-73
Curt Kaufman,R,74,175,0,0,1,74-75
Joe Pepitone,L,74,185,0.258,219,1,74-75
Steve Barber,L,72,195,0.115,5,1,72-73
De Wayne Vaughn,R,71,180,0,0,1,70-71
Norm Miller,L,70,185,0.238,24,1,70-71
Bob Galasso,L,73,205,0,0,1,72-73
Rich Wortham,R,72,185,0,0,1,72-73
Bob Chance,L,74,196,0.261,24,1,74-75
Julio Cruz,B,69,165,0.237,23,1,68-69
Bill Sample,R,69,175,0.272,46,1,68-69
Juan Nieves,L,75,175,0,0,1,74-75
Mike Bacsik,R,74,180,0,0,1,74-75
Craig Kusick,R,75,210,0.235,46,1,74-75
Rudy Meoli,L,69,165,0.212,2,1,68-69
Ruppert Jones,L,70,170,0.25,147,1,70-71
Glenn Hoffman,R,73,175,0.242,23,1,72-73
Russ Gibson,R,73,195,0.228,8,1,72-73
Phil Huffman,R,74,180,0,0,1,74-75
Terry Francona,L,73,190,0.274,16,1,72-73
John Bateman,R,75,210,0.23,81,1,74-75
Luis Pujols,R,74,175,0.193,6,1,74-75
Joe Gaines,R,73,190,0.241,21,1,72-73
Doug Rader,R,74,208,0.251,155,1,74-75
Mickey Stanley,R,73,185,0.248,117,1,72-73
Steve Brown,R,77,200,0,0,1,76-77
Rick Lysander,R,74,190,0,0,1,74-75
Phil Bradley,R,72,185,0.286,78,1,72-73
Winston Llenas,R,70,165,0.23,3,1,70-71
Charlie Moore,R,71,180,0.261,36,1,70-71
Ralph Garr,L,71,185,0.306,75,1,70-71
Tommy John,R,75,180,0.157,5,1,74-75
Bruce Benedict,R,73,175,0.242,18,1,72-73
John Ellis,R,74,225,0.262,69,1,74-75
Wes Parker,B,73,180,0.267,64,1,72-73
Mel Stottlemyre,R,72,190,0,0,1,72-73
David Green,R,75,170,0.268,31,1,74-75
Reid Nichols,R,71,165,0.266,22,1,70-71
Rick Reichardt,R,75,210,0.261,116,1,74-75
Luis Tiant,R,72,180,0.164,5,1,72-73
Alex Sanchez,R,74,185,0,0,1,74-75
Broderick Perkins,L,70,180,0.271,8,1,70-71
Leon Roberts,R,75,200,0.267,78,1,74-75
Ray Burris,R,77,200,0.151,1,1,76-77
Len Gabrielson,L,76,210,0.253,37,1,76-77
Johnny Edwards,L,76,220,0.242,81,1,76-77
Paul Wilmet,R,71,170,0,0,1,70-71
Tom Grieve,R,74,190,0.249,65,1,74-75
Bruce Ellingsen,L,72,180,0,0,1,72-73
Bob Forsch,R,76,200,0.213,12,1,76-77
Gorman Heimueller,L,76,195,0,0,1,76-77
Danny Cater,R,72,170,0.276,66,1,72-73
Bill Schroeder,R,74,200,0.24,61,1,74-75
Clay Dalrymple,L,72,190,0.233,55,1,72-73
Carlos May,L,71,200,0.274,90,1,70-71
Reggie Smith,B,72,180,0.287,314,1,72-73
Ron Reed,R,78,215,0.158,0,1,78-79
Fred Howard,R,75,190,0,0,1,74-75
Davey Johnson,R,73,170,0.261,136,1,72-73
Ellis Valentine,R,76,205,0.278,123,1,76-77
Roy White,B,70,160,0.271,160,1,70-71
Mike Brumley,L,70,195,0.229,5,1,70-71
Al Luplow,L,70,175,0.235,33,1,70-71
John Hoover,R,74,190,0,0,1,74-75
Dick Allen,R,71,187,0.292,351,1,70-71
Doug Ault,R,75,200,0.236,17,1,74-75
Mark Wagner,R,72,165,0.243,3,1,72-73
Mike Walters,R,77,203,0,0,1,76-77
Willie Stargell,L,74,188,0.282,475,1,74-75
Steve Carlton,L,76,210,0.201,13,1,76-77
Jake Wood,R,73,163,0.25,35,1,72-73
Del Unser,L,73,180,0.258,87,1,72-73
Bob Brower,R,71,185,0.242,17,1,70-71
Ray Culp,R,72,200,0.123,1,1,72-73
Ivan Murrell,R,74,195,0.236,33,1,74-75
Lee Mazzilli,B,73,180,0.259,93,1,72-73
Garth Iorg,R,71,170,0.258,20,1,70-71
Alan Ashby,B,74,185,0.245,90,1,74-75
Bob Brenly,R,74,210,0.247,91,1,74-75
Ron Blomberg,L,73,195,0.293,52,1,72-73
Jim Rooker,R,72,195,0.201,7,1,72-73
Tim Blackwell,B,71,170,0.228,6,1,70-71
Colby Ward,R,74,185,0,0,1,74-75
Jerry Morales,R,70,155,0.259,95,1,70-71
Davey Lopes,R,69,170,0.263,155,1,68-69
Catfish Hunter,R,72,190,0.226,6,1,72-73
Mario Soto,R,72,174,0.132,1,1,72-73
Jimmy Wynn,R,70,160,0.25,291,1,70-71
Hank Allen,R,72,190,0.241,6,1,72-73
Jim Fregosi,R,73,190,0.265,151,1,72-73
Pepe Frias,R,70,159,0.24,1,1,70-71
Mike Schmidt,R,74,195,0.267,548,1,74-75
Willie Montanez,L,72,170,0.275,139,1,72-73
Rey Quinones,R,71,160,0.243,29,1,70-71
Mike Squires,L,71,185,0.26,6,1,70-71
Champ Summers,L,74,205,0.255,54,1,74-75
Chuck Porter,R,75,187,0,0,1,74-75
Bert Campaneris,R,70,160,0.259,79,1,70-71
Bobby Valentine,R,70,189,0.26,12,1,70-71
Rob Andrews,R,72,185,0.251,3,1,72-73
Tom Haller,L,76,195,0.257,134,1,76-77
Tom Dozier,R,74,190,0,0,1,74-75
Ed Stroud,L,71,180,0.237,14,1,70-71
Ron Swoboda,R,74,195,0.242,73,1,74-75
Harry Spilman,L,73,180,0.237,18,1,72-73
Bob Barton,R,72,175,0.226,9,1,72-73
Daryl Sconiers,L,74,185,0.265,15,1,74-75
Joe Torre,R,74,212,0.297,252,1,74-75
Al Ferrara,R,73,200,0.259,51,1,72-73
Rick Steirer,R,76,200,0,0,1,76-77
Sixto Lezcano,R,70,165,0.271,148,1,70-71
Al Lachowicz,R,75,198,0,0,1,74-75
Dave Nicholson,R,74,215,0.212,61,1,74-75
Freddie Patek,R,65,148,0.242,41,1,64-65
Ken Hubbs,R,74,175,0.247,14,1,74-75
Pepe Mangual,R,70,157,0.242,16,1,70-71
Leron Lee,L,72,196,0.25,31,1,72-73
Tom McCarthy,R,72,180,0,0,1,72-73
Steve Ontiveros,B,72,185,0.274,24,1,72-73
Willie Davis,L,74,180,0.279,182,1,74-75
Tom Lawless,R,71,170,0.207,2,1,70-71
Jerry Moses,R,75,210,0.251,25,1,74-75
Bobby Bonds,R,73,190,0.268,332,1,72-73
Dave McNally,R,71,185,0.133,9,1,70-71
Darrell Brown,B,72,184,0.274,1,1,72-73
Roy Foster,R,72,185,0.253,45,1,72-73
Denis Menke,R,72,185,0.25,101,1,72-73
Hal Breeden,R,74,200,0.243,21,1,74-75
Manny Trillo,R,73,150,0.263,61,1,72-73
Jackie Gutierrez,R,71,175,0.237,4,1,70-71
Jerry Kenney,L,73,170,0.237,7,1,72-73
Fred Kendall,R,73,185,0.234,31,1,72-73
Mike Anderson,R,74,200,0.246,28,1,74-75
Jim Lewis,R,75,190,0,0,1,74-75
Joe Charboneau,R,74,205,0.266,29,1,74-75
Jimmie Schaffer,R,69,170,0.223,11,1,68-69
Junior Kennedy,R,71,175,0.248,4,1,70-71
Wilbur Howard,B,74,170,0.25,6,1,74-75
Rod Gilbreath,R,74,180,0.248,14,1,74-75
Mark Brouhard,R,73,210,0.259,25,1,72-73
Dan Morogiello,L,73,200,0,0,1,72-73
Mike Young,B,74,195,0.247,72,1,74-75
Chris Speier,R,73,175,0.246,112,1,72-73
Gene Michael,B,74,183,0.229,15,1,74-75
Vic Harris,B,71,165,0.217,13,1,70-71
Mike Fischlin,R,73,165,0.22,3,1,72-73
Don Money,R,73,170,0.261,176,1,72-73
Joe Rudi,R,74,200,0.264,179,1,74-75
Jim Rice,R,74,200,0.298,382,1,74-75
Shawn Holman,R,74,185,0,0,1,74-75
Alan Wirth,R,76,190,0,0,1,76-77
Gil Garrido,R,69,150,0.237,1,1,68-69
Marty Perez,R,71,160,0.246,22,1,70-71
Tom Matchick,L,73,173,0.215,4,1,72-73
Jack Perconte,L,70,160,0.27,2,1,70-71
Ed Kirkpatrick,L,71,195,0.238,85,1,70-71
Jerry Grote,R,70,185,0.252,39,1,70-71
Ellie Hendricks,L,73,175,0.22,62,1,72-73
Jim Beauchamp,R,74,190,0.231,14,1,74-75
Terry Wilshusen,R,74,210,0,0,1,74-75
Tito Fuentes,B,71,175,0.268,45,1,70-71
Ron Brand,R,67,167,0.239,3,1,66-67
Leo Cardenas,R,71,150,0.257,118,1,70-71
Art Shamsky,L,73,168,0.253,68,1,72-73
Steve Ellsworth,R,80,220,0,0,1,80-81
Ron Cey,R,70,185,0.261,316,1,70-71
Skip Jutze,R,71,190,0.215,3,1,70-71
Butch Wynegar,B,73,190,0.255,65,1,72-73
Ron LeFlore,R,72,200,0.288,59,1,72-73
Bill Russell,R,72,175,0.263,46,1,72-73
Gene Tenace,R,72,190,0.241,201,1,72-73
Bubba Morton,R,70,175,0.267,14,1,70-71
Ellie Rodriguez,R,71,185,0.245,16,1,70-71
Darrel Chaney,B,74,188,0.217,14,1,74-75
Dick Nen,L,74,200,0.224,21,1,74-75
Bryan Kelly,R,74,195,0,0,1,74-75
Bill Freehan,R,75,203,0.262,200,1,74-75
Steve Nicosia,R,70,185,0.248,11,1,70-71
Ted Savage,R,73,185,0.233,34,1,72-73
Pete Mackanin,R,74,190,0.226,30,1,74-75
Rich Dauer,R,72,180,0.257,43,1,72-73
Mick Kelleher,R,69,176,0.213,0,1,68-69
Rowland Office,L,72,170,0.259,32,1,72-73
Rick Leach,L,73,180,0.268,18,1,72-73
Dwayne Murphy,L,73,185,0.246,166,1,72-73
Larry Harlow,L,74,185,0.248,12,1,74-75
Mike Epstein,L,75,230,0.244,130,1,74-75
Jerry Mumphrey,B,74,185,0.289,70,1,74-75
Don Sutton,R,73,185,0.144,0,1,72-73
Glenn Beckert,R,73,190,0.283,22,1,72-73
Ron Davis,R,72,175,0.233,10,1,72-73
Mike Shannon,R,75,195,0.255,68,1,74-75
Jason Thompson,L,76,200,0.261,208,1,76-77
Wayne Tolleson,B,69,160,0.241,9,1,68-69
John Leister,R,74,200,0,0,1,74-75
Don Cooper,R,73,185,0,0,1,72-73
Mike Jorgensen,L,72,195,0.243,95,1,72-73
Ed Romero,R,71,160,0.247,8,1,70-71
Rick Joseph,R,73,192,0.243,13,1,72-73
Cecil Cooper,L,74,165,0.298,241,1,74-75
Bill Almon,R,75,180,0.254,36,1,74-75
Joe Ferguson,R,74,200,0.24,122,1,74-75
Jeff Jones,R,75,210,0,0,1,74-75
Jerry Terrell,R,71,165,0.253,4,1,70-71
John Poloni,L,77,210,0,0,1,76-77
Dave Revering,L,76,210,0.265,62,1,76-77
Curt Ford,L,70,150,0.245,7,1,70-71
Jerry Dybzinski,R,74,180,0.234,3,1,74-75
Mike Willis,L,74,205,0,0,1,74-75
Bob Burda,L,71,174,0.224,13,1,70-71
Jesse Gonder,L,70,180,0.251,26,1,70-71
Gary Sutherland,R,72,185,0.243,24,1,72-73
Bob Coluccio,R,71,183,0.22,26,1,70-71
Dave Rader,L,71,165,0.257,30,1,70-71
Ron Gardenhire,R,72,175,0.232,4,1,72-73
Bill Sharp,L,70,178,0.255,9,1,70-71
Alan Bannister,R,71,170,0.27,19,1,70-71
Bob Watson,R,72,201,0.295,184,1,72-73
Ken Harrelson,R,74,190,0.239,131,1,74-75
Bobby Wine,R,73,187,0.215,30,1,72-73
Stefan Wever,R,80,245,0,0,1,80-81
John Kennedy,R,72,185,0.225,32,1,72-73
Chico Ruiz,B,72,169,0.24,2,1,72-73
Dave Johnson,R,73,183,0,0,1,72-73
Gail Hopkins,L,70,198,0.266,25,1,70-71
Doug Frobel,L,76,196,0.201,20,1,76-77
Luis Melendez,R,72,165,0.248,9,1,72-73
Jerry Augustine,L,72,183,0,0,1,72-73
Bill Plummer,R,73,190,0.188,14,1,72-73
Buck Rodgers,B,74,190,0.232,31,1,74-75
Phil Niekro,R,73,180,0.169,7,1,72-73
Jeff Holly,L,77,210,0,0,1,76-77
Tom Poquette,L,70,175,0.268,10,1,70-71
Eric Hetzel,R,75,175,0,0,1,74-75
Brian Asselstine,L,73,175,0.254,12,1,72-73
Rick Miller,L,72,175,0.269,28,1,72-73
Ed Charles,R,70,170,0.263,86,1,70-71
Luis Gomez,R,69,150,0.21,0,1,68-69
Dave Lemanczyk,R,76,235,0,0,1,76-77
Al Jones,R,76,210,0,0,1,76-77
Floyd Rayford,R,70,190,0.244,38,1,70-71
Sam Hinds,R,78,215,0,0,1,78-79
Tony Conigliaro,R,75,185,0.264,166,1,74-75
Clay Christiansen,R,77,205,0,0,1,76-77
Jim Barr,R,75,205,0.162,1,1,74-75
Jerry Remy,L,69,165,0.275,7,1,68-69
Larry Rothschild,L,74,180,0,0,1,74-75
Frank Duffy,R,73,180,0.232,26,1,72-73
Gary Lance,B,75,195,0,0,1,74-75
Tom O'Malley,L,72,180,0.256,13,1,72-73
Phil Garner,R,70,175,0.26,109,1,70-71
Larry Pashnick,R,75,205,0,0,1,74-75
Todd Fischer,R,70,170,0,0,1,70-71